Note Name,Pitch_Bend,Velocity,Duration (seconds),Time (seconds)
C#4,0,0.23622047244094488,0.39999999999999997,0.39999999999999997
E4,0,0.33858267716535434,0.4,0.7999999999999999
C#4,0,0.2283464566929134,0.40000000000000013,1.5999999999999999
E4,0,0.25196850393700787,0.3999999999999999,2
C#4,0,0.1968503937007874,0.39999999999999947,2.8000000000000003
E4,0,0.1968503937007874,0.3999999999999999,3.1999999999999997
C#4,0,0.2283464566929134,0.39999999999999947,4
E4,0,0.2283464566929134,0.40000000000000036,4.3999999999999995
C#4,0,0.2125984251968504,0.41000000000000014,5.199999999999999
E4,0,0.2125984251968504,0.39999999999999947,5.58
C#4,0,0.2283464566929134,0.40000000000000036,6.3999999999999995
E4,0,0.2125984251968504,0.39999999999999947,6.8
C#4,0,0.1968503937007874,0.40000000000000036,7.6
E4,0,0.2677165354330709,0.40000000000000036,8
C#4,0,0.2440944881889764,0.40000000000000036,8.799999999999999
E4,0,0.29133858267716534,0.40000000000000036,9.2
A3,0,0.3228346456692913,0.40000000000000036,9.6
C#4,0,0.1968503937007874,0.3999999999999986,10
E4,0,0.25984251968503935,0.40000000000000036,10.399999999999999
A3,0,0.2204724409448819,0.40000000000000213,10.799999999999999
C#4,0,0.25984251968503935,0.3999999999999986,11.200000000000001
E4,0,0.25196850393700787,0.40000000000000036,11.6
A3,0,0.28346456692913385,0.7799999999999994,12
D4,0,0.29133858267716534,0.3999999999999986,12.4
F#4,0,0.33070866141732286,0.40000000000000036,12.799999999999999
A3,0,0.25984251968503935,0.40000000000000036,13.2
D4,0,0.2440944881889764,0.3999999999999986,13.6
F#4,0,0.2677165354330709,0.40000000000000036,13.999999999999998
C4,0,0.2047244094488189,0.3999999999999986,14.8
F#4,0,0.28346456692913385,0.40000000000000036,15.2
C#4,0,0.2204724409448819,0.3999999999999986,16
E4,0,0.25984251968503935,0.40000000000000213,16.4
C#4,0,0.2047244094488189,0.4444443333333332,17.225532
D#4,0,0.36220472440944884,0.42553200000000047,17.669976333333334
C4,0,0.2992125984251969,0.42553200000000047,18.521040333333335
D#4,0,0.1968503937007874,0.42553200000000047,18.946572333333336
C#4,0,0.2755905511811024,0.3999999999999986,20.172104333333337
C#4,0,0.1732283464566929,0.3999999999999986,20.972104333333338
E4,0,0.16535433070866143,0.3999999999999986,21.372104333333336
C#4,0,0.2125984251968504,0.3999999999999986,22.172104333333337
E4,0,0.30708661417322836,0.3999999999999986,22.572104333333336
G#4,0,0.4330708661417323,0.9000000000000021,22.972104333333334
C#4,0,0.2204724409448819,0.3999999999999986,23.372104333333336
E4,0,0.2047244094488189,0.40000000000000213,23.772104333333335
G#4,0,0.3779527559055118,0.3000000000000007,23.872104333333336
G#4,0,0.4330708661417323,3.5899999999999963,24.172104333333337
D#4,0,0.2440944881889764,0.40000000000000213,24.572104333333336
F#4,0,0.25984251968503935,0.3999999999999986,24.972104333333338
D#4,0,0.2047244094488189,0.40000000000000213,25.772104333333335
F#4,0,0.2125984251968504,0.3999999999999986,26.172104333333337
D#4,0,0.2440944881889764,0.40000000000000213,26.972104333333334
F#4,0,0.25984251968503935,0.40000000000000213,27.372104333333336
G#4,0,0.3858267716535433,0.8999999999999986,27.77210433333334
D#4,0,0.25196850393700787,0.3999999999999986,28.172104333333337
F#4,0,0.2992125984251969,0.3999999999999986,28.572104333333336
G#4,0,0.4094488188976378,0.29999999999999716,28.672104333333337
G#4,0,0.48031496062992124,2.3900000000000006,28.972104333333334
C#4,0,0.2283464566929134,0.3999999999999986,29.372104333333336
E4,0,0.23622047244094488,0.40000000000000213,29.772104333333335
C#4,0,0.18110236220472442,0.3999999999999986,30.572104333333336
E4,0,0.25196850393700787,0.40000000000000213,30.972104333333334
A4,0,0.4251968503937008,2.390000000000004,31.372104333333336
A3,0,0.2992125984251969,0.41000000000000014,31.372104333333336
C#4,0,0.2047244094488189,0.3999999999999986,31.77210433333334
F#4,0,0.25196850393700787,0.3999999999999986,32.17210433333334
A3,0,0.2047244094488189,0.3999999999999986,32.572104333333336
C#4,0,0.2125984251968504,0.3999999999999986,32.972104333333334
F#4,0,0.25984251968503935,0.3999999999999986,33.37210433333333
G#4,0,0.4015748031496063,2.3900000000000006,33.77210433333333
B3,0,0.4015748031496063,0.3999999999999986,34.17210433333334
E4,0,0.31496062992125984,0.3999999999999986,34.572104333333336
B3,0,0.1889763779527559,0.3999999999999915,35.37210433333334
E4,0,0.2677165354330709,0.4000000000000057,35.77210433333333
F#4,0,0.41732283464566927,0.509999999999998,36.152104333333334
A3,0,0.2992125984251969,0.3999999999999986,36.17210433333334
B3,0,0.2283464566929134,0.3999999999999986,36.572104333333336
D#4,0,0.14173228346456693,0.4000000000000057,36.972104333333334
A3,0,0.31496062992125984,0.09000000000000341,37.27210433333333
B4,0,0.3779527559055118,1.1899999999999977,37.37210433333334
B3,0,0.2677165354330709,0.4000000000000057,37.77210433333333
D#4,0,0.31496062992125984,0.3999999999999986,38.17210433333334
E4,0,0.4015748031496063,1.1900000000000048,38.572104333333336
B3,0,0.2755905511811024,0.4000000000000057,38.972104333333334
E4,0,0.1968503937007874,0.3999999999999915,39.37210433333334
B3,0,0.1889763779527559,0.3999999999999986,40.17210433333334
E4,0,0.23622047244094488,0.3999999999999986,40.572104333333336
B3,0,0.1889763779527559,0.4000000000000057,41.37210433333333
E4,0,0.28346456692913385,0.3999999999999986,41.77210433333334
B3,0,0.2047244094488189,0.3999999999999986,42.572104333333336
E4,0,0.2204724409448819,0.4000000000000057,42.972104333333334
B3,0,0.2755905511811024,0.4000000000000057,43.77210433333333
E4,0,0.23622047244094488,0.3999999999999986,44.17210433333334
B3,0,0.1732283464566929,0.4000000000000057,44.972104333333334
E4,0,0.2125984251968504,0.3999999999999915,45.37210433333334
B3,0,0.1889763779527559,0.3999999999999986,46.17210433333334
E4,0,0.1968503937007874,0.3999999999999986,46.572104333333336
G4,0,0.4566929133858268,0.9000000000000057,46.972104333333334
B3,0,0.25984251968503935,0.4000000000000057,47.37210433333333
E4,0,0.3228346456692913,0.3999999999999986,47.77210433333334
G4,0,0.29133858267716534,0.29999999999999716,47.87210433333334
G4,0,0.3779527559055118,3.5900000000000034,48.17210433333334
B3,0,0.28346456692913385,0.4000000000000057,48.57210433333333
F4,0,0.3228346456692913,0.4000000000000057,48.972104333333334
B3,0,0.1968503937007874,0.4000000000000057,49.77210433333333
F4,0,0.23622047244094488,0.3999999999999986,50.17210433333334
B3,0,0.1889763779527559,0.4000000000000057,50.972104333333334
F4,0,0.2677165354330709,0.3999999999999915,51.37210433333334
G4,0,0.4330708661417323,0.9000000000000057,51.77210433333333
B3,0,0.2755905511811024,0.4000000000000057,52.17210433333334
F4,0,0.33070866141732286,0.3999999999999915,52.57210433333334
G4,0,0.4409448818897638,0.29999999999999716,52.67210433333334
G4,0,0.41732283464566927,3.5900000000000034,52.972104333333334
C4,0,0.29133858267716534,0.3999999999999915,53.37210433333334
E4,0,0.28346456692913385,0.4000000000000057,53.77210433333333
B3,0,0.28346456692913385,0.4000000000000057,54.57210433333333
E4,0,0.2283464566929134,0.4000000000000057,54.972104333333334
C#4,0,0.2992125984251969,0.4000000000000057,55.77210433333333
E4,0,0.28346456692913385,0.3999999999999915,56.17210433333334
F#4,0,0.47244094488188976,1.190000000000012,56.57210433333333
C#4,0,0.33858267716535434,0.4000000000000057,56.972104333333334
E4,0,0.28346456692913385,0.3999999999999915,57.37210433333334
F#4,0,0.33858267716535434,2.3900000000000006,57.77210433333333
B3,0,0.2125984251968504,0.3999999999999915,58.17210433333334
D4,0,0.1968503937007874,0.4000000000000057,58.57210433333333
B3,0,0.29133858267716534,0.3999999999999915,59.37210433333334
D4,0,0.25984251968503935,0.4000000000000057,59.77210433333333
G4,0,0.4566929133858268,1.1899999999999977,60.17210433333334
B3,0,0.33070866141732286,0.3999999999999915,60.57210433333334
C#4,0,0.3700787401574803,0.4000000000000057,60.972104333333334
E4,0,0.4251968503937008,1.1899999999999977,61.37210433333334
B3,0,0.33858267716535434,0.4000000000000057,61.77210433333333
C#4,0,0.4251968503937008,0.3999999999999915,62.17210433333334
F#4,0,0.4251968503937008,2.3900000000000006,62.57210433333333
B3,0,0.2440944881889764,0.3999999999999915,62.972104333333334
D4,0,0.29133858267716534,0.4000000000000057,63.372104333333326
B3,0,0.2125984251968504,0.3999999999999915,64.17210433333334
D4,0,0.29133858267716534,0.4000000000000057,64.57210433333333
F#4,0,0.3779527559055118,2.5821043333333336,64.97210433333333
A#3,0,0.23622047244094488,0.44444433333332256,65.39763633333334
C#4,0,0.29133858267716534,0.425532000000004,65.84208066666666
A#3,0,0.25196850393700787,0.425532000000004,66.69314466666665
C#4,0,0.23622047244094488,0.43553200000000913,67.11867666666666
B3,0,0.23622047244094488,0.4000000000000057,67.54420866666666
D4,0,0.1889763779527559,0.3999999999999915,67.94420866666667
F#4,0,0.2440944881889764,0.4000000000000057,68.34420866666666
B3,0,0.3779527559055118,0.3999999999999915,68.74420866666667
D4,0,0.30708661417322836,0.4000000000000057,69.14420866666666
F#4,0,0.31496062992125984,0.4000000000000057,69.54420866666666
B3,0,0.36220472440944884,0.3999999999999915,69.94420866666667
D#4,0,0.3858267716535433,0.4000000000000057,70.34420866666666
F#4,0,0.3858267716535433,0.3999999999999915,70.74420866666667
B4,0,0.5196850393700787,1.190000000000012,71.14420866666666
B3,0,0.4409448818897638,0.4000000000000057,71.14420866666666
D#4,0,0.2677165354330709,0.4000000000000057,71.54420866666666
F#4,0,0.31496062992125984,0.3999999999999915,71.94420866666667
B3,0,0.3858267716535433,0.4899999999999949,72.24420866666667
C5,0,0.6456692913385826,3.5900000000000034,72.34420866666666
E4,0,0.4094488188976378,0.3999999999999915,72.74420866666667
G4,0,0.25984251968503935,0.4000000000000057,73.14420866666666
B3,0,0.33070866141732286,0.9399999999999977,73.54420866666666
E4,0,0.31496062992125984,0.4000000000000057,73.92420866666666
G4,0,0.1889763779527559,0.4000000000000057,74.34420866666666
B3,0,0.44881889763779526,0.3999999999999915,74.74420866666667
E4,0,0.3228346456692913,0.4000000000000057,75.14420866666666
G4,0,0.4330708661417323,0.4000000000000057,75.54420866666666
A#4,0,0.4251968503937008,1.1899999999999977,75.94420866666667
B3,0,0.3700787401574803,0.3999999999999915,75.94420866666667
E4,0,0.2440944881889764,0.4000000000000057,76.34420866666666
G4,0,0.2677165354330709,0.3999999999999915,76.74420866666667
B4,0,0.3464566929133858,3.5900000000000034,77.14420866666666
B3,0,0.1889763779527559,0.4000000000000057,77.14420866666666
D#4,0,0.25196850393700787,0.4000000000000057,77.54420866666666
F#4,0,0.23622047244094488,0.3999999999999915,77.94420866666667
B3,0,0.23622047244094488,0.4000000000000057,78.34420866666666
D#4,0,0.1968503937007874,0.3999999999999915,78.74420866666667
F#4,0,0.23622047244094488,0.4000000000000057,79.14420866666666
B3,0,0.14960629921259844,0.4000000000000057,79.54420866666666
D#4,0,0.2677165354330709,0.3999999999999915,79.94420866666667
F#4,0,0.28346456692913385,0.4000000000000057,80.34420866666666
B3,0,0.3464566929133858,0.3999999999999915,80.74420866666667
B4,0,0.4881889763779528,1.1899999999999977,80.74420866666667
D#4,0,0.2677165354330709,0.480000000000004,81.14420866666666
F#4,0,0.25984251968503935,0.23000000000000398,81.54420866666666
B3,0,0.2677165354330709,0.5,81.84420866666666
C5,0,0.5984251968503937,3.589999999999989,81.94420866666667
E4,0,0.2047244094488189,0.4000000000000057,82.34420866666666
G4,0,0.2204724409448819,0.3999999999999915,82.74420866666667
B3,0,0.29133858267716534,0.4000000000000057,83.14420866666666
E4,0,0.2440944881889764,0.4000000000000057,83.54420866666666
G4,0,0.28346456692913385,0.3999999999999915,83.94420866666667
B3,0,0.4881889763779528,0.4000000000000057,84.34420866666666
E4,0,0.28346456692913385,0.3999999999999915,84.74420866666667
G4,0,0.30708661417322836,0.4000000000000057,85.14420866666666
B3,0,0.3700787401574803,0.4000000000000057,85.54420866666666
A#4,0,0.4566929133858268,1.1899999999999977,85.54420866666666
E4,0,0.1968503937007874,0.3999999999999915,85.94420866666667
G4,0,0.1732283464566929,0.4000000000000057,86.34420866666666
B4,0,0.3700787401574803,2.484870033333337,86.74420866666667
B3,0,0.25984251968503935,0.3999999999999915,86.74420866666667
D#4,0,0.2125984251968504,0.4000000000000057,87.14420866666666
F#4,0,0.2125984251968504,0.4000000000000057,87.54420866666666
B3,0,0.2204724409448819,0.4255319999999898,87.94420866666667
D#4,0,0.2440944881889764,0.444444333333351,88.36974066666666
F#4,0,0.2677165354330709,0.425532000000004,88.81418500000001
B3,0,0.2204724409448819,0.4255319999999898,89.23971700000001
B4,0,0.3228346456692913,2.4665959999999814,89.23971700000001
D4,0,0.1732283464566929,0.425532000000004,89.665249
F4,0,0.25984251968503935,0.4255319999999898,90.090781
B3,0,0.2283464566929134,0.4000000000000057,90.516313
D4,0,0.2440944881889764,0.3999999999999915,90.916313
F4,0,0.25196850393700787,0.4000000000000057,91.316313
B3,0,0.2440944881889764,0.3999999999999915,91.716313
B4,0,0.3543307086614173,2.3900000000000006,91.716313
C#4,0,0.2283464566929134,0.4000000000000057,92.11631299999999
G#4,0,0.25196850393700787,0.4000000000000057,92.516313
B3,0,0.1968503937007874,0.3999999999999915,92.916313
C#4,0,0.2283464566929134,0.4000000000000057,93.316313
G#4,0,0.1968503937007874,0.3999999999999915,93.716313
A4,0,0.47244094488188976,2.3900000000000006,94.11631299999999
A3,0,0.2047244094488189,0.4000000000000057,94.11631299999999
C#4,0,0.1968503937007874,0.4000000000000057,94.516313
F#4,0,0.2440944881889764,0.3999999999999915,94.916313
A3,0,0.28346456692913385,0.4000000000000057,95.316313
C#4,0,0.18110236220472442,0.3999999999999915,95.716313
F#4,0,0.2992125984251969,0.4000000000000057,96.11631299999999
G4,0,0.5275590551181102,2.3900000000000006,96.516313
B3,0,0.2440944881889764,0.3999999999999915,96.916313
D4,0,0.33070866141732286,0.4000000000000057,97.316313
B3,0,0.28346456692913385,0.4000000000000057,98.11631299999999
D4,0,0.4566929133858268,0.4000000000000057,98.516313
F#4,0,0.4881889763779528,2.3900000000000006,98.916313
A3,0,0.2677165354330709,0.4000000000000057,99.316313
D#4,0,0.4330708661417323,0.3999999999999915,99.716313
A3,0,0.1889763779527559,0.4000000000000057,100.516313
D#4,0,0.29133858267716534,0.3999999999999915,100.916313
C#4,0,0.25196850393700787,2.543478433333334,101.316313
A3,0,0.28346456692913385,0.4166666666666714,102.14964633333332
A3,0,0.2992125984251969,0.43478266666667764,103.43587833333332
C#4,0,0.36220472440944884,1.383721091666672,103.870661
C#4,0,0.2677165354330709,1.4514953333333267,105.26601
A3,0,0.1968503937007874,0.3999999999999915,107.13000533333332
C#4,0,0.31496062992125984,0.4000000000000057,107.5300053333333
A3,0,0.3858267716535433,0.3999999999999915,107.93000533333331
C#4,0,0.2125984251968504,0.4000000000000057,108.3300053333333
F#4,0,0.30708661417322836,0.4000000000000057,108.73000533333331
C#4,0,0.36220472440944884,0.3999999999999915,109.13000533333332
F#4,0,0.2204724409448819,0.4000000000000057,109.5300053333333
A4,0,0.30708661417322836,0.3999999999999915,109.93000533333331
C#4,0,0.5039370078740157,0.4000000000000057,110.3300053333333
C#5,0,0.5590551181102362,0.9000000000000057,110.3300053333333
F#4,0,0.25196850393700787,0.4000000000000057,110.73000533333331
A4,0,0.2283464566929134,0.3999999999999915,111.13000533333332
C#5,0,0.4251968503937008,0.29999999999999716,111.23000533333331
C#5,0,0.48031496062992124,2.3900000000000006,111.5300053333333
C#4,0,0.2677165354330709,0.4099999999999966,111.5300053333333
G#4,0,0.2755905511811024,0.3999999999999915,111.93000533333331
B4,0,0.29133858267716534,0.4000000000000057,112.3300053333333
C#4,0,0.2755905511811024,0.4000000000000057,112.73000533333331
G#4,0,0.2047244094488189,0.3999999999999915,113.13000533333332
B4,0,0.2440944881889764,0.4000000000000057,113.5300053333333
C#4,0,0.2677165354330709,0.3999999999999915,113.93000533333331
G#4,0,0.25196850393700787,0.4000000000000057,114.3300053333333
B4,0,0.1889763779527559,0.4000000000000057,114.73000533333331
C#5,0,0.44881889763779526,0.8999999999999915,115.13000533333332
C#4,0,0.25196850393700787,0.3999999999999915,115.13000533333332
G#4,0,0.2440944881889764,0.4000000000000057,115.5300053333333
B4,0,0.2677165354330709,0.3999999999999915,115.93000533333331
C#5,0,0.36220472440944884,0.29999999999999716,116.0300053333333
C#5,0,0.48031496062992124,2.3900000000000006,116.3300053333333
C#4,0,0.2440944881889764,0.4000000000000057,116.3300053333333
F#4,0,0.2677165354330709,0.4000000000000057,116.73000533333331
A4,0,0.31496062992125984,0.3999999999999915,117.13000533333332
C#4,0,0.36220472440944884,1.1899999999999977,117.5300053333333
F#4,0,0.25196850393700787,0.3999999999999915,117.93000533333331
A4,0,0.2677165354330709,0.4000000000000057,118.3300053333333
C4,0,0.49606299212598426,0.4000000000000057,118.73000533333331
C5,0,0.5354330708661418,1.1899999999999977,118.73000533333331
F#4,0,0.25984251968503935,0.3999999999999915,119.13000533333332
A4,0,0.31496062992125984,0.4000000000000057,119.5300053333333
C#5,0,0.6377952755905512,1.1899999999999977,119.93000533333331
C#4,0,0.5433070866141733,0.3999999999999915,119.93000533333331
F#4,0,0.29133858267716534,0.4000000000000057,120.3300053333333
A4,0,0.29133858267716534,0.4000000000000057,120.73000533333331
D#4,0,0.5039370078740157,0.3999999999999915,121.13000533333332
D#5,0,0.6141732283464567,3.589999999999989,121.13000533333332
F#4,0,0.2755905511811024,0.4000000000000057,121.5300053333333
G#4,0,0.28346456692913385,0.3999999999999915,121.93000533333331
D#4,0,0.4094488188976378,0.4000000000000057,122.3300053333333
F#4,0,0.1968503937007874,0.4000000000000057,122.73000533333331
G#4,0,0.36220472440944884,0.3999999999999915,123.13000533333332
D#4,0,0.33858267716535434,0.4000000000000057,123.5300053333333
F#4,0,0.25984251968503935,0.3999999999999915,123.93000533333331
G#4,0,0.2677165354330709,0.4000000000000057,124.3300053333333
D#5,0,0.5590551181102362,1.1899999999999977,124.73000533333331
D#4,0,0.5433070866141733,0.4000000000000057,124.73000533333331
F#4,0,0.2677165354330709,0.3999999999999915,125.13000533333332
G#4,0,0.28346456692913385,0.4000000000000057,125.5300053333333
E5,0,0.5590551181102362,3.589999999999989,125.93000533333331
E4,0,0.4409448818897638,0.3999999999999915,125.93000533333331
G#4,0,0.28346456692913385,0.4000000000000057,126.3300053333333
C#5,0,0.29133858267716534,0.4000000000000057,126.73000533333331
E4,0,0.23622047244094488,0.3999999999999915,127.13000533333332
G#4,0,0.1968503937007874,0.4000000000000057,127.5300053333333
C#5,0,0.25196850393700787,0.3999999999999915,127.93000533333331
D#5,0,0.4409448818897638,1.1899999999999977,128.3300053333333
D#4,0,0.3543307086614173,0.4000000000000057,128.3300053333333
F#4,0,0.3464566929133858,0.4000000000000057,128.7300053333333
A4,0,0.36220472440944884,0.4000000000000057,129.13000533333332
C#5,0,0.5590551181102362,1.1899999999999977,129.53000533333332
C#4,0,0.2992125984251969,0.39999999999997726,129.53000533333332
E4,0,0.4409448818897638,0.4000000000000057,129.9300053333333
A#4,0,0.4015748031496063,0.4000000000000057,130.3300053333333
C5,0,0.3228346456692913,1.1899999999999977,130.7300053333333
C4,0,0.1889763779527559,0.4000000000000057,131.13000533333332
D#4,0,0.25984251968503935,0.39999999999997726,131.53000533333332
G#4,0,0.4566929133858268,1.1900000000000261,131.9300053333333
C4,0,0.25984251968503935,0.4000000000000057,132.3300053333333
D#4,0,0.3700787401574803,0.4000000000000057,132.7300053333333
A4,0,0.5196850393700787,1.1899999999999977,133.13000533333332
C4,0,0.2283464566929134,0.4000000000000057,133.5100053333333
D#4,0,0.2440944881889764,0.4000000000000057,133.9300053333333
F#4,0,0.33858267716535434,1.1899999999999977,134.3300053333333
C4,0,0.2283464566929134,0.4000000000000057,134.7100053333333
D#4,0,0.29133858267716534,0.39999999999997726,135.13000533333332
A3,0,0.5826771653543307,1.1900000000000261,137.9300053333333
E4,0,0.31496062992125984,0.4000000000000057,140.7300053333333
G#4,0,0.2125984251968504,0.4000000000000057,141.1100053333333
C#5,0,0.5039370078740157,1.1900000000000261,141.5300053333333
E4,0,0.2440944881889764,0.4000000000000057,141.9300053333333
G#4,0,0.2125984251968504,0.4000000000000057,142.3300053333333
E5,0,0.5511811023622047,1.1899999999999977,142.7300053333333
E4,0,0.1968503937007874,0.39999999999997726,143.13000533333332
G#4,0,0.2283464566929134,0.4000000000000057,143.5300053333333
C#5,0,0.4015748031496063,1.1900000000000261,143.9300053333333
E4,0,0.2204724409448819,0.39999999999997726,144.31000533333332
G#4,0,0.23622047244094488,0.4000000000000057,144.7300053333333
C#4,0,0.4645669291338583,1.1899999999999977,146.3300053333333
E4,0,0.5354330708661418,1.1900000000000261,147.5300053333333
C#4,0,0.3700787401574803,1.1899999999999977,148.7300053333333
A3,0,0.2440944881889764,0.4000000000000057,150.3300053333333
C4,0,0.4015748031496063,0.4000000000000057,151.13000533333332
A3,0,0.3464566929133858,0.39999999999997726,151.53000533333332
D#4,0,0.4566929133858268,0.4000000000000057,151.9300053333333
C4,0,0.44881889763779526,0.4000000000000057,152.3300053333333
F#4,0,0.3937007874015748,0.4000000000000057,152.7300053333333
D#4,0,0.3779527559055118,0.39999999999997726,153.13000533333332
A4,0,0.4409448818897638,0.4000000000000341,153.5300053333333
F#4,0,0.3937007874015748,0.39999999999997726,153.93000533333333
C5,0,0.44881889763779526,0.4000000000000057,154.3300053333333
C#4,0,0.2677165354330709,0.39999999999997726,155.13000533333332
E4,0,0.4409448818897638,0.4000000000000057,155.9300053333333
C#4,0,0.30708661417322836,0.4000000000000057,156.3300053333333
G#4,0,0.4881889763779528,0.4000000000000057,156.7300053333333
E4,0,0.36220472440944884,0.4000000000000057,157.13000533333332
C#5,0,0.49606299212598426,0.39999999999997726,157.53000533333332
G#4,0,0.36220472440944884,0.4000000000000057,157.9300053333333
E5,0,0.44881889763779526,0.4000000000000057,158.3300053333333
C#5,0,0.2047244094488189,0.4000000000000057,158.7300053333333
G#4,0,0.25984251968503935,0.39999999999997726,159.13000533333332
C#4,0,0.3543307086614173,0.4000000000000341,159.5300053333333
G4,0,0.4094488188976378,0.39999999999997726,159.93000533333333
E4,0,0.41732283464566927,0.4000000000000057,160.3300053333333
A#4,0,0.4409448818897638,0.4000000000000057,160.7300053333333
G4,0,0.2755905511811024,0.39999999999997726,161.13000533333332
C#5,0,0.4409448818897638,0.4000000000000057,161.5300053333333
A#4,0,0.3464566929133858,0.4000000000000057,161.9300053333333
E5,0,0.5196850393700787,0.4000000000000057,162.3300053333333
C#5,0,0.33070866141732286,0.4000000000000057,162.7300053333333
G5,0,0.49606299212598426,0.4000000000000057,163.13000533333332
E5,0,0.31496062992125984,0.39999999999997726,163.53000533333332
A#5,0,0.25984251968503935,0.4000000000000057,163.9300053333333
F#4,0,0.2283464566929134,0.4000000000000057,164.3300053333333
C5,0,0.3228346456692913,0.4000000000000057,164.7300053333333
A4,0,0.3543307086614173,0.39999999999997726,165.13000533333332
D#5,0,0.4251968503937008,0.4000000000000341,165.5300053333333
C5,0,0.25984251968503935,0.39999999999997726,165.93000533333333
F#5,0,0.3779527559055118,0.4000000000000057,166.3300053333333
D#5,0,0.3779527559055118,0.4000000000000057,166.7300053333333
A5,0,0.33858267716535434,0.39999999999997726,167.13000533333332
F#5,0,0.3543307086614173,0.4000000000000057,167.5300053333333
C6,0,0.5354330708661418,0.4000000000000057,167.9300053333333
A5,0,0.31496062992125984,0.4000000000000057,168.3300053333333
D#6,0,0.3779527559055118,0.4000000000000057,168.7300053333333
C6,0,0.44881889763779526,0.39999999999997726,169.13000533333332
F#5,0,0.25196850393700787,0.4000000000000057,169.5300053333333
A5,0,0.2204724409448819,0.4000000000000057,169.9300053333333
D#5,0,0.3700787401574803,0.4000000000000057,170.3300053333333
F#5,0,0.30708661417322836,0.4000000000000057,170.7300053333333
C5,0,0.28346456692913385,0.39999999999997726,171.13000533333332
D#5,0,0.4330708661417323,0.4000000000000341,171.5300053333333
A4,0,0.2677165354330709,0.39999999999997726,171.93000533333333
C5,0,0.25984251968503935,0.4000000000000057,172.3300053333333
F#4,0,0.3464566929133858,0.4000000000000057,172.7300053333333
A4,0,0.2047244094488189,0.39999999999997726,173.13000533333332
D#4,0,0.2440944881889764,0.4000000000000341,173.5300053333333
F#4,0,0.3858267716535433,0.39999999999997726,173.93000533333333
C4,0,0.30708661417322836,0.4000000000000057,174.3300053333333
D#4,0,0.1968503937007874,0.4000000000000057,174.7300053333333
A3,0,0.3779527559055118,0.39999999999997726,175.13000533333332
C4,0,0.25984251968503935,0.4000000000000057,175.5300053333333
A3,0,0.23622047244094488,0.425532000000004,176.3300053333333
A3,0,0.2755905511811024,0.425532000000004,178.47657766666663
A3,0,0.4881889763779528,0.4000000000000057,180.10210966666662
A3,0,0.31496062992125984,0.4000000000000057,182.10210966666662
A3,0,0.25196850393700787,0.4000000000000057,183.30210966666664
A3,0,0.6456692913385826,0.44444433333333677,184.92764166666663
A3,0,0.28346456692913385,0.4000000000000057,186.99761799999993
A3,0,0.3228346456692913,0.4000000000000057,188.19761799999995
A3,0,0.4251968503937008,0.4000000000000057,189.79761799999994
C#4,0,0.3464566929133858,0.4000000000000057,191.79761799999994
C#4,0,0.29133858267716534,0.4000000000000341,192.99761799999993
A3,0,0.28346456692913385,0.4166666666666856,193.81428466666662
C#4,0,0.33858267716535434,0.4166666666666572,194.2309513333333
A3,0,0.2204724409448819,0.44444433333333677,195.06984011666663
C#4,0,0.1968503937007874,0.44444433333333677,195.53650666666664
C4,0,0.2677165354330709,0.5,196.98095099999998
C4,0,0.25984251968503935,0.526315666666676,198.5335823333333
C#4,0,0.1968503937007874,0.44444433333333677,199.94878666666665
C#4,0,0.25984251968503935,0.44444433333330835,200.83767533333332
E4,0,0.2047244094488189,0.43478266666667764,201.28211966666663
C#4,0,0.25196850393700787,0.41666666666662877,202.1424343333333
E4,0,0.2125984251968504,0.4081633333333343,202.55910099999994
G#4,0,0.3464566929133858,0.9000000000000057,202.96726433333328
C#4,0,0.2283464566929134,0.4000000000000057,203.36726433333328
E4,0,0.2125984251968504,0.39999999999997726,203.7672643333333
G#4,0,0.47244094488188976,0.30000000000001137,203.84726433333327
G#4,0,0.4566929133858268,3.5900000000000034,204.16726433333326
D#4,0,0.2755905511811024,0.4000000000000057,204.56726433333327
F#4,0,0.2755905511811024,0.4000000000000057,204.96726433333328
D#4,0,0.18110236220472442,0.39999999999997726,205.7672643333333
F#4,0,0.23622047244094488,0.4000000000000057,206.16726433333326
D#4,0,0.13385826771653545,0.4000000000000057,206.96726433333328
F#4,0,0.31496062992125984,0.4000000000000057,207.36726433333328
G#4,0,0.41732283464566927,0.8999999999999773,207.7672643333333
D#4,0,0.25196850393700787,0.4000000000000057,208.16726433333326
F#4,0,0.2992125984251969,0.4000000000000057,208.56726433333327
G#4,0,0.3858267716535433,0.30000000000001137,208.66726433333326
G#4,0,0.4251968503937008,2.3899999999999864,208.96726433333328
C#4,0,0.23622047244094488,0.4000000000000057,209.36726433333328
E4,0,0.29133858267716534,0.39999999999997726,209.7672643333333
C#4,0,0.2047244094488189,0.4000000000000057,210.56726433333327
E4,0,0.36220472440944884,0.4000000000000057,210.96726433333328
A4,0,0.4645669291338583,2.3899999999999864,211.36726433333328
A3,0,0.30708661417322836,0.4000000000000057,211.36726433333328
C#4,0,0.29133858267716534,0.39999999999997726,211.7672643333333
F#4,0,0.2755905511811024,0.4000000000000057,212.16726433333326
A3,0,0.2440944881889764,0.4000000000000057,212.56726433333327
C#4,0,0.2283464566929134,0.4000000000000057,212.96726433333328
F#4,0,0.25984251968503935,0.4000000000000057,213.36726433333328
G#4,0,0.4251968503937008,2.3899999999999864,213.7672643333333
B3,0,0.33070866141732286,0.4000000000000057,214.16726433333326
E4,0,0.3464566929133858,0.4000000000000057,214.56726433333327
B3,0,0.2992125984251969,0.4000000000000057,215.36726433333328
E4,0,0.2992125984251969,0.39999999999997726,215.7672643333333
A3,0,0.3779527559055118,0.4000000000000057,216.16726433333326
F#4,0,0.48031496062992124,1.1899999999999977,216.16726433333326
B3,0,0.25196850393700787,0.4000000000000057,216.56726433333327
D#4,0,0.23622047244094488,0.4000000000000057,216.96726433333328
A3,0,0.2755905511811024,0.4900000000000091,217.27726433333328
B4,0,0.4409448818897638,1.1899999999999977,217.36726433333328
B3,0,0.2047244094488189,0.39999999999997726,217.7672643333333
D#4,0,0.3937007874015748,0.4000000000000057,218.16726433333326
E4,0,0.31496062992125984,0.8000000000000114,218.56726433333327
B3,0,0.4094488188976378,0.4000000000000057,218.96726433333328
E4,0,0.33070866141732286,0.4000000000000057,219.36726433333328
B3,0,0.4094488188976378,0.39999999999997726,219.7672643333333
E4,0,0.2755905511811024,0.4000000000000057,220.16726433333326
G#4,0,0.2755905511811024,0.4000000000000057,220.56726433333327
B3,0,0.4094488188976378,0.4000000000000057,220.96726433333328
E4,0,0.25196850393700787,0.4000000000000057,221.36726433333328
G#4,0,0.25196850393700787,0.39999999999997726,221.7672643333333
B4,0,0.49606299212598426,0.9000000000000057,222.16726433333326
B3,0,0.41732283464566927,0.4000000000000057,222.16726433333326
E4,0,0.2677165354330709,0.4000000000000057,222.56726433333327
G#4,0,0.30708661417322836,0.4000000000000057,222.96726433333328
B4,0,0.28346456692913385,0.30000000000001137,223.06726433333327
B4,0,0.44881889763779526,3.5900000000000034,223.36726433333328
B3,0,0.31496062992125984,0.4000000000000057,223.36726433333328
F#4,0,0.2125984251968504,0.39999999999997726,223.7672643333333
A4,0,0.16535433070866143,0.4000000000000057,224.16726433333326
B3,0,0.33070866141732286,0.4000000000000057,224.56726433333327
F#4,0,0.1732283464566929,0.4000000000000057,224.96726433333328
A4,0,0.2047244094488189,0.4000000000000057,225.36726433333328
B3,0,0.25984251968503935,0.39999999999997726,225.7672643333333
F#4,0,0.1968503937007874,0.4000000000000057,226.16726433333326
A4,0,0.25196850393700787,0.4000000000000057,226.56726433333327
B3,0,0.3464566929133858,0.4000000000000057,226.96726433333328
B4,0,0.5354330708661418,0.9000000000000057,226.96726433333328
F#4,0,0.2204724409448819,0.4000000000000057,227.36726433333328
A4,0,0.25984251968503935,0.39999999999997726,227.7672643333333
B4,0,0.3858267716535433,0.29999999999998295,227.86726433333328
B4,0,0.4409448818897638,2.390000000000015,228.16726433333326
B3,0,0.30708661417322836,0.4000000000000057,228.16726433333326
E4,0,0.2677165354330709,0.4000000000000057,228.54726433333326
G#4,0,0.28346456692913385,0.4000000000000057,228.96726433333328
B3,0,0.3700787401574803,0.4000000000000057,229.36726433333328
E4,0,0.31496062992125984,0.4000000000000057,229.74726433333328
G#4,0,0.2125984251968504,0.4000000000000057,230.16726433333326
C4,0,0.5511811023622047,0.4000000000000057,230.56726433333327
C5,0,0.5905511811023622,1.1899999999999977,230.56726433333327
F#4,0,0.25984251968503935,0.4000000000000057,230.96726433333328
G#4,0,0.4015748031496063,0.4000000000000057,231.36726433333328
C#4,0,0.3858267716535433,0.4099999999999966,231.7672643333333
C#5,0,0.6141732283464567,1.1899999999999977,231.7672643333333
E4,0,0.4094488188976378,0.4000000000000057,232.16726433333326
G#4,0,0.4330708661417323,0.4000000000000057,232.56726433333327
D#4,0,0.5118110236220472,0.4000000000000057,232.96726433333328
D#5,0,0.6141732283464567,2.3899999999999864,232.96726433333328
F#4,0,0.33070866141732286,0.4000000000000057,233.36726433333328
G#4,0,0.33070866141732286,0.39999999999997726,233.7672643333333
D#4,0,0.3858267716535433,0.4000000000000057,234.16726433333326
F#4,0,0.30708661417322836,0.4000000000000057,234.56726433333327
G#4,0,0.36220472440944884,0.4000000000000057,234.96726433333328
E4,0,0.4645669291338583,0.4000000000000057,235.36726433333328
E5,0,0.6299212598425197,2.3899999999999864,235.36726433333328
G#4,0,0.2677165354330709,0.39999999999997726,235.7672643333333
C#5,0,0.28346456692913385,0.4000000000000057,236.16726433333326
E4,0,0.28346456692913385,0.4000000000000057,236.56726433333327
G#4,0,0.2125984251968504,0.4000000000000057,236.96726433333328
C#5,0,0.2440944881889764,0.4000000000000057,237.36726433333328
D4,0,0.29133858267716534,0.39999999999997726,237.7672643333333
D5,0,0.4251968503937008,2.3899999999999864,237.7672643333333
F#4,0,0.14173228346456693,0.4000000000000057,238.16726433333326
A4,0,0.14960629921259844,0.4000000000000057,238.56726433333327
D4,0,0.2283464566929134,0.4000000000000057,238.96726433333328
F#4,0,0.28346456692913385,0.4000000000000057,239.36726433333328
A4,0,0.1968503937007874,0.39999999999997726,239.7672643333333
C5,0,0.3858267716535433,2.390000000000015,240.16726433333326
C4,0,0.25196850393700787,0.4000000000000057,240.16726433333326
F#4,0,0.1968503937007874,0.4000000000000057,240.56726433333327
G#4,0,0.23622047244094488,0.4000000000000057,240.96726433333328
C4,0,0.25984251968503935,0.4000000000000057,241.36726433333328
F#4,0,0.2047244094488189,0.39999999999997726,241.7672643333333
G#4,0,0.2677165354330709,0.4000000000000057,242.16726433333326
C#5,0,0.4566929133858268,3.5900000000000034,242.56726433333327
C#4,0,0.25984251968503935,0.4000000000000057,242.56726433333327
E4,0,0.2204724409448819,0.4000000000000057,242.96726433333328
G#4,0,0.2283464566929134,0.4000000000000057,243.36726433333328
C#4,0,0.2204724409448819,0.39999999999997726,243.7672643333333
E4,0,0.25196850393700787,0.4000000000000057,244.16726433333326
G#4,0,0.2440944881889764,0.4000000000000057,244.56726433333327
C#4,0,0.2440944881889764,0.4000000000000057,244.96726433333328
F4,0,0.1968503937007874,0.4000000000000057,245.36726433333328
G#4,0,0.2677165354330709,0.39999999999997726,245.7672643333333
C#4,0,0.3543307086614173,0.4000000000000057,246.16726433333326
C#5,0,0.5590551181102362,1.1899999999999977,246.16726433333326
F4,0,0.2204724409448819,0.4000000000000057,246.56726433333327
G#4,0,0.33858267716535434,0.4000000000000057,246.96726433333328
C#4,0,0.2992125984251969,0.4899999999999807,247.2672643333333
D5,0,0.5039370078740157,3.5900000000000034,247.36726433333328
F#4,0,0.30708661417322836,0.39999999999997726,247.7672643333333
A4,0,0.2440944881889764,0.4000000000000057,248.16726433333326
C#4,0,0.3858267716535433,0.4000000000000057,248.56726433333327
F#4,0,0.33070866141732286,0.4000000000000057,248.96726433333328
A4,0,0.1968503937007874,0.4000000000000057,249.36726433333328
A3,0,0.5511811023622047,1.1899999999999977,249.7672643333333
C#4,0,0.44881889763779526,0.39999999999997726,249.7672643333333
F#4,0,0.2204724409448819,0.4000000000000057,250.16726433333326
A4,0,0.3228346456692913,0.4000000000000057,250.56726433333327
C#4,0,0.3464566929133858,0.4000000000000057,250.96726433333328
C5,0,0.47244094488188976,1.1899999999999977,250.96726433333328
F#4,0,0.2283464566929134,0.4000000000000057,251.36726433333328
A4,0,0.2755905511811024,0.39999999999997726,251.7672643333333
C#5,0,0.36220472440944884,3.5900000000000034,252.16726433333326
C#4,0,0.25984251968503935,0.4000000000000057,252.16726433333326
F4,0,0.2125984251968504,0.4000000000000057,252.56726433333327
G#4,0,0.2677165354330709,0.4000000000000057,252.96726433333328
C#4,0,0.23622047244094488,0.4000000000000057,253.36726433333328
F4,0,0.2125984251968504,0.39999999999997726,253.7672643333333
G#4,0,0.2755905511811024,0.4000000000000057,254.16726433333326
C#4,0,0.23622047244094488,0.4000000000000057,254.56726433333327
F4,0,0.2047244094488189,0.4000000000000057,254.96726433333328
G#4,0,0.29133858267716534,0.4000000000000057,255.36726433333328
C#4,0,0.3858267716535433,0.39999999999997726,255.7672643333333
C#5,0,0.5118110236220472,1.1899999999999977,255.7672643333333
F4,0,0.2677165354330709,0.39999999999997726,256.16726433333326
G#4,0,0.29133858267716534,0.4000000000000341,256.56726433333324
C#4,0,0.3464566929133858,0.4900000000000091,256.86726433333325
D5,0,0.6929133858267716,3.589999999999975,256.9672643333333
F#4,0,0.2992125984251969,0.4000000000000341,257.36726433333325
A4,0,0.2047244094488189,0.39999999999997726,257.7672643333333
C#4,0,0.3543307086614173,0.4000000000000341,258.16726433333326
F#4,0,0.18110236220472442,0.39999999999997726,258.5672643333333
A4,0,0.28346456692913385,0.39999999999997726,258.9672643333333
A3,0,0.47244094488188976,1.1899999999999977,259.36726433333325
C#4,0,0.4645669291338583,0.4000000000000341,259.36726433333325
F#4,0,0.2755905511811024,0.39999999999997726,259.7672643333333
A4,0,0.36220472440944884,0.39999999999997726,260.16726433333326
C#4,0,0.28346456692913385,0.4000000000000341,260.56726433333324
C5,0,0.4566929133858268,1.1900000000000546,260.56726433333324
F#4,0,0.2440944881889764,0.39999999999997726,260.9672643333333
A4,0,0.25984251968503935,0.4000000000000341,261.36726433333325
C#5,0,0.36220472440944884,2.3899999999999864,261.7672643333333
C#4,0,0.2440944881889764,0.39999999999997726,261.7672643333333
F4,0,0.2440944881889764,0.39999999999997726,262.16726433333326
G#4,0,0.2125984251968504,0.4000000000000341,262.56726433333324
C#4,0,0.2677165354330709,0.39999999999997726,262.9672643333333
F4,0,0.2047244094488189,0.4000000000000341,263.36726433333325
G#4,0,0.29133858267716534,0.39999999999997726,263.7672643333333
C#4,0,0.14173228346456693,0.4000000000000341,264.16726433333326
C#5,0,0.44881889763779526,2.3899999999999864,264.16726433333326
F#4,0,0.2204724409448819,0.39999999999997726,264.5672643333333
A4,0,0.2283464566929134,0.39999999999997726,264.9672643333333
C#4,0,0.1968503937007874,0.4000000000000341,265.36726433333325
F#4,0,0.2047244094488189,0.39999999999997726,265.7672643333333
A4,0,0.2125984251968504,0.39999999999997726,266.16726433333326
B4,0,0.47244094488188976,3.590000000000032,266.56726433333324
B3,0,0.25196850393700787,0.4000000000000341,266.56726433333324
F#4,0,0.1968503937007874,0.39999999999997726,266.9672643333333
A4,0,0.1889763779527559,0.4000000000000341,267.36726433333325
B3,0,0.3543307086614173,0.39999999999997726,267.7672643333333
F#4,0,0.1732283464566929,0.39999999999997726,268.16726433333326
A4,0,0.25984251968503935,0.4000000000000341,268.56726433333324
B3,0,0.25196850393700787,0.4000000000000341,268.9672643333333
F#4,0,0.18110236220472442,0.39999999999997726,269.3672643333333
A4,0,0.30708661417322836,0.39999999999997726,269.7672643333333
B3,0,0.29133858267716534,0.39999999999997726,270.16726433333326
B4,0,0.4330708661417323,1.1899999999999977,270.16726433333326
E4,0,0.33070866141732286,0.4000000000000341,270.56726433333324
G#4,0,0.3464566929133858,0.39999999999997726,270.9672643333333
A3,0,0.4015748031496063,0.4000000000000341,271.36726433333325
A4,0,0.47244094488188976,1.1899999999999977,271.36726433333325
E4,0,0.25984251968503935,0.39999999999997726,271.7672643333333
G#4,0,0.25984251968503935,0.39999999999997726,272.16726433333326
A3,0,0.31496062992125984,0.4000000000000341,272.56726433333324
A4,0,0.44881889763779526,1.1900000000000546,272.56726433333324
D#4,0,0.3464566929133858,0.39999999999997726,272.9672643333333
F#4,0,0.31496062992125984,0.4000000000000341,273.36726433333325
G#4,0,0.5354330708661418,1.1899999999999977,273.7672643333333
D#4,0,0.2677165354330709,0.39999999999997726,274.16726433333326
F#4,0,0.29133858267716534,0.4000000000000341,274.56726433333324
G#4,0,0.44881889763779526,1.1899999999999977,274.9672643333333
C#4,0,0.2992125984251969,0.39999999999997726,275.3672643333333
E4,0,0.30708661417322836,0.39999999999997726,275.7672643333333
F#4,0,0.4409448818897638,2.3899999999999864,276.16726433333326
C#4,0,0.25984251968503935,0.4000000000000341,276.56726433333324
D#4,0,0.2677165354330709,0.39999999999997726,276.9672643333333
C#4,0,0.29133858267716534,0.39999999999997726,277.7672643333333
D#4,0,0.28346456692913385,0.39999999999997726,278.16726433333326
G#4,0,0.5275590551181102,1.284870033333334,278.56726433333324
C#4,0,0.2677165354330709,0.44444433333330835,278.9927963333333
D#4,0,0.25984251968503935,0.42553200000003244,279.4372406666666
A4,0,0.5511811023622047,1.1899999999999977,279.8627726666666
A3,0,0.4409448818897638,0.39999999999997726,279.8627726666666
C#4,0,0.2755905511811024,0.4000000000000341,280.2627726666666
D#4,0,0.30708661417322836,0.39999999999997726,280.6627726666666
G#4,0,0.48031496062992124,2.3899999999999864,281.0627726666666
C#4,0,0.2440944881889764,0.39999999999997726,281.46277266666664
E4,0,0.2440944881889764,0.39999999999997726,281.8627726666666
C#4,0,0.2047244094488189,0.39999999999997726,282.6627726666666
E4,0,0.28346456692913385,0.4000000000000341,283.0627726666666
G#4,0,0.3464566929133858,1.1899999999999977,283.46277266666664
C4,0,0.1732283464566929,0.39999999999997726,283.8627726666666
D#4,0,0.25984251968503935,0.4000000000000341,284.2627726666666
C4,0,0.2125984251968504,0.44444433333330835,285.08830466666666
D#4,0,0.33858267716535434,0.47619033333336347,285.53274899999997
C#4,0,0.31496062992125984,1.2659577000000013,286.00893933333333
C#4,0,0.33070866141732286,0.4255319999999756,286.86000333333334
C#4,0,0.2204724409448819,0.4255319999999756,287.71106733333335
E4,0,0.2992125984251969,0.42553200000003244,288.1365993333333
C#4,0,0.25196850393700787,0.4255319999999756,288.98766333333333
E4,0,0.2992125984251969,0.42553200000003244,289.4131953333333
C#4,0,0.29133858267716534,0.42553200000003244,290.2642593333333
E4,0,0.28346456692913385,0.4255319999999756,290.68979133333335
D#4,0,0.2992125984251969,0.4255319999999756,291.54085533333335
F#4,0,0.28346456692913385,0.4255319999999756,291.96638733333333
D#4,0,0.2204724409448819,0.4255319999999756,292.81745133333334
F#4,0,0.23622047244094488,0.42553200000003244,293.2429833333333
D#4,0,0.2677165354330709,0.42553200000003244,294.0940473333333
F#4,0,0.23622047244094488,0.4255319999999756,294.51957933333335
D#4,0,0.2677165354330709,0.42553200000003244,295.3706433333333
F#4,0,0.30708661417322836,0.4255319999999756,295.79617533333334
E4,0,0.4015748031496063,0.4000000000000341,296.6217073333333
C#4,0,0.25984251968503935,0.39999999999997726,297.0217073333333
G#4,0,0.5118110236220472,0.4000000000000341,297.4217073333333
E4,0,0.33070866141732286,0.39999999999997726,297.82170733333334
C#5,0,0.48031496062992124,0.39999999999997726,298.2217073333333
G#4,0,0.41732283464566927,0.4000000000000341,298.6217073333333
E5,0,0.5826771653543307,0.39999999999997726,299.0217073333333
C#5,0,0.4330708661417323,0.4000000000000341,299.4217073333333
G#5,0,0.5748031496062992,0.39999999999997726,299.82170733333334
E5,0,0.4094488188976378,0.39999999999997726,300.2217073333333
C#5,0,0.4409448818897638,0.4000000000000341,300.6217073333333
C5,0,0.5196850393700787,0.39999999999997726,301.0217073333333
D#5,0,0.4094488188976378,0.4000000000000341,301.4217073333333
A4,0,0.36220472440944884,0.39999999999997726,301.82170733333334
C5,0,0.5039370078740157,0.39999999999997726,302.2217073333333
F#4,0,0.31496062992125984,0.4000000000000341,302.6217073333333
A4,0,0.30708661417322836,0.39999999999997726,303.0217073333333
D#4,0,0.44881889763779526,0.4000000000000341,303.4217073333333
F#4,0,0.3543307086614173,0.39999999999997726,303.82170733333334
A3,0,0.4094488188976378,0.39999999999997726,304.2217073333333
C4,0,0.5275590551181102,0.4444443333333652,304.6217073333333
C#4,0,0.4566929133858268,0.39999999999997726,306.13758033333335
E4,0,0.48031496062992124,0.4000000000000341,306.5375803333333
C#4,0,0.3543307086614173,0.39999999999997726,306.93758033333336
G#4,0,0.4881889763779528,0.4000000000000341,307.33758033333334
E4,0,0.41732283464566927,0.39999999999997726,307.73758033333337
C#5,0,0.5275590551181102,0.39999999999997726,308.13758033333335
G#4,0,0.33070866141732286,0.4000000000000341,308.5375803333333
E5,0,0.5826771653543307,0.39999999999997726,308.93758033333336
C#5,0,0.3779527559055118,0.4000000000000341,309.33758033333334
G#5,0,0.5669291338582677,0.39999999999997726,309.73758033333337
E5,0,0.4881889763779528,0.39999999999997726,310.13758033333335
C#5,0,0.4409448818897638,0.4000000000000341,310.5375803333333
C5,0,0.5039370078740157,0.39999999999997726,310.93758033333336
D#5,0,0.36220472440944884,0.4000000000000341,311.33758033333334
A4,0,0.3464566929133858,0.39999999999997726,311.73758033333337
C5,0,0.4330708661417323,0.39999999999997726,312.13758033333335
F#4,0,0.3937007874015748,0.4000000000000341,312.5375803333333
A4,0,0.3858267716535433,0.39999999999997726,312.93758033333336
D#4,0,0.4881889763779528,0.4000000000000341,313.33758033333334
F#4,0,0.3858267716535433,0.39999999999997726,313.73758033333337
A3,0,0.4881889763779528,0.39999999999997726,314.13758033333335
C4,0,0.49606299212598426,0.44444433333330835,314.5375803333333
C#4,0,0.44881889763779526,1.3222218916666861,316.0534533333333
C#4,0,0.4015748031496063,0.44444433333330835,316.942342
E4,0,0.3858267716535433,0.4444443333333652,317.3867863333333
C#4,0,0.29133858267716534,0.44444433333330835,317.83123066666667
C#4,0,0.3858267716535433,0.47619033333336347,320.1486903333333
C#4,0,0.3858267716535433,4.779999999999973,332.7403566666667
C#4,0,0.25984251968503935,9.579999999999984,337.5403566666667
C#3,0,0.2283464566929134,4.79,0
C#2,0,0.29133858267716534,4.79,0
G#3,0,0.36220472440944884,0.39999999999999997,0
G#3,0,0.2992125984251969,0.3999999999999999,1.2
G#3,0,0.25196850393700787,0.40000000000000036,2.4
G#3,0,0.25984251968503935,0.40000000000000036,3.5999999999999996
B2,0,0.2992125984251969,4.79,4.8
B1,0,0.33070866141732286,4.79,4.8
G#3,0,0.1968503937007874,0.39999999999999947,4.8
G#3,0,0.23622047244094488,0.39999999999999947,6
G#3,0,0.2125984251968504,0.40000000000000036,7.199999999999999
G#3,0,0.29133858267716534,0.3999999999999986,8.4
A2,0,0.30708661417322836,2.3900000000000006,9.6
A1,0,0.29133858267716534,2.3900000000000006,9.6
F#2,0,0.2283464566929134,2.3900000000000006,12
F#1,0,0.2125984251968504,2.3900000000000006,12
G#2,0,0.2440944881889764,2.3900000000000006,14.399999999999999
G#3,0,0.3464566929133858,0.40000000000000213,14.399999999999999
G#1,0,0.29133858267716534,2.3900000000000006,14.399999999999999
G#3,0,0.3464566929133858,0.40000000000000036,15.6
G#1,0,0.30708661417322836,1.284870033333334,16.8
G#2,0,0.25196850393700787,1.284870033333334,16.8
G#3,0,0.29133858267716534,0.42553200000000047,16.8
F#3,0,0.30708661417322836,0.42553200000000047,18.095508333333335
E3,0,0.28346456692913385,0.3999999999999986,19.372104333333336
G#2,0,0.25984251968503935,4.789999999999999,19.372104333333336
C#2,0,0.1968503937007874,4.789999999999999,19.372104333333336
C#3,0,0.18110236220472442,4.789999999999999,19.372104333333336
G#3,0,0.2125984251968504,0.40000000000000213,19.772104333333335
G#3,0,0.28346456692913385,0.40000000000000213,20.572104333333336
G#3,0,0.33070866141732286,0.40000000000000213,21.772104333333335
G#3,0,0.36220472440944884,0.40000000000000213,22.972104333333334
C3,0,0.2204724409448819,4.789999999999999,24.172104333333337
G#2,0,0.25196850393700787,4.789999999999999,24.172104333333337
G#3,0,0.33858267716535434,0.3999999999999986,24.172104333333337
C2,0,0.31496062992125984,4.789999999999999,24.172104333333337
G#3,0,0.25196850393700787,0.3999999999999986,25.372104333333336
G#3,0,0.2125984251968504,0.3999999999999986,26.572104333333336
G#3,0,0.25196850393700787,0.3999999999999986,27.77210433333334
G#3,0,0.4251968503937008,0.40000000000000213,28.972104333333334
C#3,0,0.2677165354330709,2.3900000000000006,28.972104333333334
C#2,0,0.29133858267716534,2.3900000000000006,28.972104333333334
G#3,0,0.18110236220472442,0.3999999999999986,30.172104333333337
F#2,0,0.2204724409448819,2.390000000000004,31.372104333333336
F#1,0,0.25984251968503935,2.390000000000004,31.372104333333336
B2,0,0.1889763779527559,2.3900000000000006,33.77210433333333
B1,0,0.29133858267716534,2.3900000000000006,33.77210433333333
G#3,0,0.1968503937007874,0.4000000000000057,33.77210433333333
G#3,0,0.1968503937007874,0.4000000000000057,34.972104333333334
B1,0,0.1968503937007874,2.3900000000000006,36.17210433333334
B2,0,0.1889763779527559,2.3900000000000006,36.17210433333334
E2,0,0.28346456692913385,4.789999999999999,38.572104333333336
E3,0,0.16535433070866143,4.789999999999999,38.572104333333336
G#3,0,0.1968503937007874,0.3999999999999986,38.572104333333336
G#3,0,0.1732283464566929,0.4000000000000057,39.77210433333333
G#3,0,0.1968503937007874,0.3999999999999986,40.972104333333334
G#3,0,0.2125984251968504,0.3999999999999986,42.17210433333334
E2,0,0.28346456692913385,4.789999999999992,43.37210433333334
E3,0,0.25984251968503935,4.789999999999992,43.37210433333334
G3,0,0.28346456692913385,0.3999999999999915,43.37210433333334
G3,0,0.2677165354330709,0.3999999999999986,44.572104333333336
G3,0,0.2283464566929134,0.4000000000000057,45.77210433333333
G3,0,0.3228346456692913,0.3999999999999986,46.972104333333334
D3,0,0.14960629921259844,4.789999999999992,48.17210433333334
G3,0,0.2047244094488189,0.3999999999999915,48.17210433333334
D2,0,0.1968503937007874,4.789999999999992,48.17210433333334
G3,0,0.1968503937007874,0.3999999999999915,49.37210433333334
G3,0,0.2047244094488189,0.3999999999999986,50.572104333333336
G3,0,0.2677165354330709,0.4000000000000057,51.77210433333333
C2,0,0.25196850393700787,1.1899999999999977,52.972104333333334
C3,0,0.31496062992125984,1.1899999999999977,52.972104333333334
G3,0,0.31496062992125984,0.4000000000000057,52.972104333333334
B2,0,0.31496062992125984,1.1899999999999977,54.17210433333334
G3,0,0.31496062992125984,0.3999999999999915,54.17210433333334
B1,0,0.36220472440944884,1.1899999999999977,54.17210433333334
G3,0,0.4094488188976378,0.3999999999999915,55.37210433333334
A#2,0,0.2992125984251969,2.3900000000000006,55.37210433333334
A#1,0,0.29133858267716534,2.3900000000000006,55.37210433333334
F#3,0,0.3700787401574803,0.4000000000000057,56.57210433333333
B1,0,0.2677165354330709,2.3900000000000006,57.77210433333333
F#3,0,0.25196850393700787,0.4000000000000057,57.77210433333333
B2,0,0.31496062992125984,2.3900000000000006,57.77210433333333
F#3,0,0.23622047244094488,0.4000000000000057,58.972104333333334
G3,0,0.3779527559055118,0.4000000000000057,60.17210433333334
E2,0,0.33858267716535434,1.1899999999999977,60.17210433333334
G2,0,0.3464566929133858,0.3999999999999915,61.37210433333334
E3,0,0.3700787401574803,1.1899999999999977,61.37210433333334
F#3,0,0.30708661417322836,0.4000000000000057,62.57210433333333
F#2,0,0.2677165354330709,2.3900000000000006,62.57210433333333
F#3,0,0.23622047244094488,1.1899999999999977,63.77210433333333
F#2,0,0.2677165354330709,2.561466033333332,64.97210433333333
F#3,0,0.2440944881889764,0.425532000000004,64.97210433333333
F#1,0,0.2677165354330709,2.561466033333332,64.97210433333333
F#3,0,0.2125984251968504,0.4255319999999898,66.26761266666666
B2,0,0.31496062992125984,5.989999999999995,67.54420866666666
B1,0,0.33070866141732286,5.989999999999995,67.54420866666666
E2,0,0.4094488188976378,1.1899999999999977,73.54420866666666
E3,0,0.41732283464566927,1.1899999999999977,73.54420866666666
G3,0,0.6377952755905512,1.1899999999999977,74.74420866666667
G2,0,0.6062992125984252,1.1899999999999977,74.74420866666667
E3,0,0.4015748031496063,1.1899999999999977,75.94420866666667
E2,0,0.2677165354330709,1.1899999999999977,75.94420866666667
B2,0,0.2283464566929134,5.200000000000003,77.14420866666666
B1,0,0.25984251968503935,5.200000000000003,77.14420866666666
E3,0,0.36220472440944884,1.1899999999999977,83.14420866666666
E2,0,0.3779527559055118,1.1899999999999977,83.14420866666666
G3,0,0.5826771653543307,1.1899999999999977,84.34420866666666
G2,0,0.5354330708661418,1.1899999999999977,84.34420866666666
E3,0,0.3700787401574803,1.1899999999999977,85.54420866666666
E2,0,0.2677165354330709,1.1899999999999977,85.54420866666666
B1,0,0.41732283464566927,2.484870033333337,86.74420866666667
B2,0,0.2440944881889764,2.484870033333337,86.74420866666667
G#2,0,0.28346456692913385,2.4665959999999814,89.23971700000001
G#1,0,0.25196850393700787,2.4665959999999814,89.23971700000001
F2,0,0.2677165354330709,2.3900000000000006,91.716313
F1,0,0.30708661417322836,2.3900000000000006,91.716313
F#2,0,0.2992125984251969,2.3900000000000006,94.11631299999999
F#1,0,0.2204724409448819,2.3900000000000006,94.11631299999999
B1,0,0.2992125984251969,2.3900000000000006,96.516313
G3,0,0.3779527559055118,0.4000000000000057,96.516313
B2,0,0.4015748031496063,2.3900000000000006,96.516313
G3,0,0.3779527559055118,0.3999999999999915,97.716313
F#3,0,0.29133858267716534,0.3999999999999915,98.916313
C2,0,0.28346456692913385,2.3900000000000006,98.916313
C3,0,0.3858267716535433,2.3900000000000006,98.916313
F#3,0,0.2047244094488189,0.4000000000000057,100.11631299999999
C#3,0,0.2204724409448819,0.4166666666666714,101.316313
C#2,0,0.2283464566929134,2.543478433333334,101.316313
F#3,0,0.14173228346456693,0.4166666666666572,101.73297966666667
C#3,0,0.2677165354330709,0.43478266666666343,102.566313
F#3,0,0.2283464566929134,0.43478266666666343,103.00109566666666
C#3,0,0.1968503937007874,0.46511633333332725,103.870661
C#2,0,0.29133858267716534,1.383721091666672,103.870661
F#3,0,0.1968503937007874,0.46511633333334146,104.33577733333333
G#3,0,0.23622047244094488,0.46511633333332725,104.80089366666667
C#3,0,0.18110236220472442,0.47619033333332084,105.26601
C#2,0,0.2283464566929134,0.47619033333332084,105.26601
F3,0,0.2440944881889764,0.4878050000000087,105.74220033333332
G#3,0,0.31496062992125984,0.4999999999999858,106.23000533333332
F#3,0,0.28346456692913385,0.4000000000000057,106.73000533333331
F#1,0,0.30708661417322836,4.790000000000006,106.73000533333331
C#2,0,0.18110236220472442,4.790000000000006,106.73000533333331
F#2,0,0.2047244094488189,4.790000000000006,106.73000533333331
F3,0,0.2677165354330709,4.790000000000006,111.5300053333333
F2,0,0.2283464566929134,4.790000000000006,111.5300053333333
C#3,0,0.2125984251968504,4.790000000000006,111.5300053333333
F#2,0,0.2440944881889764,2.3900000000000006,116.3300053333333
F#3,0,0.1732283464566929,2.3900000000000006,116.3300053333333
D#2,0,0.4409448818897638,1.1899999999999977,118.73000533333331
D#3,0,0.4015748031496063,1.1899999999999977,118.73000533333331
C#3,0,0.4881889763779528,1.1899999999999977,119.93000533333331
C#2,0,0.3937007874015748,1.1899999999999977,119.93000533333331
C2,0,0.4015748031496063,3.589999999999989,121.13000533333332
C3,0,0.4015748031496063,3.589999999999989,121.13000533333332
G#2,0,0.3543307086614173,3.589999999999989,121.13000533333332
G#2,0,0.29133858267716534,1.1899999999999977,124.73000533333331
C3,0,0.4409448818897638,1.1899999999999977,124.73000533333331
C2,0,0.44881889763779526,1.1899999999999977,124.73000533333331
C#3,0,0.33858267716535434,2.3900000000000006,125.93000533333331
G#2,0,0.36220472440944884,2.3900000000000006,125.93000533333331
C#2,0,0.2204724409448819,2.3900000000000006,125.93000533333331
F#2,0,0.2125984251968504,1.1899999999999977,128.3300053333333
F#1,0,0.25984251968503935,1.1899999999999977,128.3300053333333
G2,0,0.36220472440944884,1.1899999999999977,129.53000533333332
G1,0,0.2677165354330709,1.1899999999999977,129.53000533333332
G#1,0,0.2992125984251969,4.789999999999992,130.7300053333333
G#2,0,0.2125984251968504,4.789999999999992,130.7300053333333
G#2,0,0.25196850393700787,4.7900000000000205,135.5300053333333
G#1,0,0.30708661417322836,4.7900000000000205,135.5300053333333
C3,0,0.33070866141732286,0.4000000000000057,135.9300053333333
D#3,0,0.2992125984251969,0.4000000000000057,136.3300053333333
G#3,0,0.5118110236220472,1.1899999999999977,136.7300053333333
C3,0,0.36220472440944884,0.4000000000000057,137.13000533333332
D#3,0,0.4409448818897638,0.39999999999997726,137.53000533333332
C3,0,0.4566929133858268,0.39999999999997726,138.31000533333332
D#3,0,0.33858267716535434,0.4000000000000057,138.7300053333333
F#3,0,0.3937007874015748,1.1899999999999977,139.13000533333332
C3,0,0.3779527559055118,0.4000000000000341,139.5300053333333
D#3,0,0.2755905511811024,0.39999999999997726,139.93000533333333
G#1,0,0.30708661417322836,4.7900000000000205,140.3300053333333
G#2,0,0.29133858267716534,4.7900000000000205,140.3300053333333
E3,0,0.4251968503937008,0.4000000000000057,140.3300053333333
G#2,0,0.2992125984251969,4.789999999999992,145.13000533333332
G#1,0,0.33070866141732286,4.789999999999992,145.13000533333332
E3,0,0.2677165354330709,0.39999999999997726,145.53000533333332
G#3,0,0.23622047244094488,0.4000000000000057,145.9300053333333
E3,0,0.3464566929133858,0.4000000000000057,146.7300053333333
G#3,0,0.4566929133858268,0.39999999999997726,147.13000533333332
E3,0,0.29133858267716534,0.39999999999997726,147.93000533333333
G#3,0,0.30708661417322836,0.4000000000000057,148.3300053333333
E3,0,0.2283464566929134,0.39999999999997726,149.13000533333332
G#3,0,0.25196850393700787,0.4000000000000057,149.5300053333333
D#3,0,0.3543307086614173,0.4000000000000057,149.9300053333333
G#1,0,0.2283464566929134,4.7900000000000205,149.9300053333333
G#2,0,0.1968503937007874,4.7900000000000205,149.9300053333333
F#3,0,0.3858267716535433,0.4000000000000057,150.7300053333333
G#2,0,0.25984251968503935,4.789999999999992,154.7300053333333
E3,0,0.3779527559055118,0.4000000000000057,154.7300053333333
G#1,0,0.28346456692913385,4.789999999999992,154.7300053333333
G#3,0,0.31496062992125984,0.4000000000000057,155.5300053333333
G#1,0,0.31496062992125984,4.7900000000000205,159.5300053333333
G#2,0,0.2125984251968504,4.7900000000000205,159.5300053333333
G#1,0,0.25196850393700787,14.561466033333318,164.3300053333333
G#2,0,0.2677165354330709,14.561466033333318,164.3300053333333
F#3,0,0.33858267716535434,0.4000000000000057,175.9300053333333
D#3,0,0.5433070866141733,0.8699763333333124,176.7555373333333
F#3,0,0.36220472440944884,0.425532000000004,177.19998166666662
C#3,0,0.48031496062992124,0.851064000000008,177.62551366666662
F#3,0,0.31496062992125984,0.425532000000004,178.05104566666662
G#2,0,0.25196850393700787,4.789999999999992,178.90210966666663
G#1,0,0.2755905511811024,4.789999999999992,178.90210966666663
C3,0,0.3464566929133858,2.3899999999999864,178.90210966666663
F#3,0,0.2755905511811024,0.4000000000000057,179.30210966666664
G#3,0,0.3464566929133858,0.39999999999997726,179.70210966666664
G#3,0,0.2992125984251969,0.4000000000000057,180.50210966666663
F#3,0,0.3779527559055118,0.4000000000000057,180.90210966666663
D#3,0,0.5590551181102362,1.1899999999999977,181.30210966666664
F#3,0,0.2992125984251969,0.39999999999997726,181.70210966666664
C#3,0,0.5354330708661418,1.1899999999999977,182.50210966666663
F#3,0,0.28346456692913385,0.4000000000000057,182.90210966666663
G#1,0,0.29133858267716534,4.885508333333291,183.70210966666664
C3,0,0.4094488188976378,2.4855083333332857,183.70210966666664
G#2,0,0.25196850393700787,4.885508333333291,183.70210966666664
F#3,0,0.2677165354330709,0.4000000000000057,184.10210966666662
G#3,0,0.49606299212598426,0.425532000000004,184.50210966666663
G#3,0,0.4409448818897638,0.4255319999999756,185.37208599999997
F#3,0,0.41732283464566927,0.4000000000000057,185.79761799999994
D3,0,0.5669291338582677,1.1899999999999977,186.19761799999995
F#3,0,0.3543307086614173,0.39999999999997726,186.59761799999995
C#3,0,0.5039370078740157,1.1899999999999977,187.39761799999994
F#3,0,0.30708661417322836,0.4000000000000057,187.79761799999994
G#2,0,0.2440944881889764,2.3899999999999864,188.59761799999995
G#1,0,0.30708661417322836,2.3899999999999864,188.59761799999995
C3,0,0.44881889763779526,2.3899999999999864,188.59761799999995
F#3,0,0.1968503937007874,0.4000000000000057,188.99761799999993
G#3,0,0.41732283464566927,0.4000000000000057,189.39761799999994
G#3,0,0.36220472440944884,0.4000000000000057,190.19761799999995
F#3,0,0.3937007874015748,0.39999999999997726,190.59761799999995
A2,0,0.2992125984251969,2.390000000000015,190.99761799999993
A1,0,0.2992125984251969,2.390000000000015,190.99761799999993
C#3,0,0.29133858267716534,1.1899999999999977,190.99761799999993
E3,0,0.1889763779527559,0.4000000000000057,191.39761799999994
C#3,0,0.25196850393700787,0.4000000000000057,192.19761799999995
E3,0,0.2677165354330709,0.39999999999997726,192.59761799999995
F#1,0,0.1968503937007874,2.5722218916666577,193.39761799999997
F#2,0,0.2125984251968504,2.5722218916666577,193.39761799999997
D#3,0,0.31496062992125984,0.4166666666666572,193.39761799999997
D#3,0,0.33858267716535434,0.44444433333333677,194.64761799999997
G#1,0,0.25984251968503935,3.0657891083333197,195.98095099999998
G#2,0,0.25984251968503935,3.0657891083333197,195.98095099999998
D#3,0,0.3543307086614173,0.5,195.98095099999998
G#3,0,0.3543307086614173,0.5,196.48095099999998
D#3,0,0.2677165354330709,0.526315666666676,197.48095099999998
F#3,0,0.2992125984251969,0.5263156666666475,198.00726666666665
C#3,0,0.2677165354330709,5.097366333333298,199.05989799999998
E3,0,0.3543307086614173,0.44444433333333677,199.05989799999998
G#2,0,0.29133858267716534,5.097366333333298,199.05989799999998
C#2,0,0.2755905511811024,5.097366333333298,199.05989799999998
G#3,0,0.2125984251968504,0.44444433333333677,199.5043423333333
G#3,0,0.3543307086614173,0.44444433333333677,200.393231
G#3,0,0.23622047244094488,0.425532000000004,201.7169023333333
G#3,0,0.1968503937007874,0.4000000000000057,202.96726433333328
C2,0,0.2047244094488189,4.7900000000000205,204.16726433333326
C3,0,0.1889763779527559,4.7900000000000205,204.16726433333326
G#3,0,0.36220472440944884,0.4000000000000057,204.16726433333326
G#2,0,0.15748031496062992,4.7900000000000205,204.16726433333326
G#3,0,0.2125984251968504,0.4000000000000057,205.36726433333328
G#3,0,0.1968503937007874,0.4000000000000057,206.56726433333327
G#3,0,0.31496062992125984,0.39999999999997726,207.7672643333333
C#2,0,0.15748031496062992,2.3899999999999864,208.96726433333328
G#3,0,0.2125984251968504,0.4000000000000057,208.96726433333328
C#3,0,0.1968503937007874,2.3899999999999864,208.96726433333328
G#3,0,0.36220472440944884,0.4000000000000057,210.16726433333326
F#2,0,0.23622047244094488,2.3899999999999864,211.36726433333328
F#1,0,0.2755905511811024,2.3899999999999864,211.36726433333328
B2,0,0.2755905511811024,2.3899999999999864,213.7672643333333
G#3,0,0.2440944881889764,0.39999999999997726,213.7672643333333
B1,0,0.29133858267716534,2.3899999999999864,213.7672643333333
G#3,0,0.2677165354330709,0.4000000000000057,214.96726433333328
B1,0,0.2755905511811024,2.390000000000015,216.16726433333326
B2,0,0.1732283464566929,2.390000000000015,216.16726433333326
E2,0,0.3228346456692913,4.789999999999992,218.56726433333327
E3,0,0.25196850393700787,4.789999999999992,218.56726433333327
G#3,0,0.15748031496062992,0.4000000000000057,218.56726433333327
D#3,0,0.31496062992125984,4.789999999999992,223.36726433333328
D#2,0,0.25984251968503935,4.789999999999992,223.36726433333328
E3,0,0.28346456692913385,2.390000000000015,228.16726433333326
E2,0,0.33070866141732286,2.390000000000015,228.16726433333326
D#2,0,0.4566929133858268,1.1899999999999977,230.56726433333327
D#3,0,0.44881889763779526,1.1899999999999977,230.56726433333327
C#2,0,0.44881889763779526,1.1899999999999977,231.7672643333333
C#3,0,0.5118110236220472,1.1899999999999977,231.7672643333333
G#2,0,0.31496062992125984,2.3899999999999864,232.96726433333328
C3,0,0.47244094488188976,2.3899999999999864,232.96726433333328
C2,0,0.4015748031496063,2.3899999999999864,232.96726433333328
C#2,0,0.2992125984251969,1.1899999999999977,235.36726433333328
C#3,0,0.28346456692913385,1.1899999999999977,235.36726433333328
G#2,0,0.33858267716535434,1.1899999999999977,235.36726433333328
F#2,0,0.13385826771653545,2.3899999999999864,237.7672643333333
F#1,0,0.2677165354330709,2.3899999999999864,237.7672643333333
G#1,0,0.2047244094488189,2.390000000000015,240.16726433333326
G#2,0,0.23622047244094488,2.390000000000015,240.16726433333326
C#3,0,0.1968503937007874,5.990000000000009,242.56726433333327
C#2,0,0.2283464566929134,5.990000000000009,242.56726433333327
F#2,0,0.3858267716535433,1.1899999999999977,248.56726433333327
F#3,0,0.3779527559055118,1.1899999999999977,248.56726433333327
A2,0,0.6220472440944882,1.1899999999999977,249.7672643333333
F#2,0,0.2440944881889764,1.1899999999999977,250.96726433333328
F#3,0,0.2440944881889764,1.1899999999999977,250.96726433333328
C#3,0,0.2677165354330709,5.990000000000009,252.16726433333326
C#2,0,0.2125984251968504,5.990000000000009,252.16726433333326
F#3,0,0.3464566929133858,1.1899999999999977,258.16726433333326
F#2,0,0.3937007874015748,1.1899999999999977,258.16726433333326
A2,0,0.5669291338582677,1.1899999999999977,259.36726433333325
F#2,0,0.30708661417322836,1.1900000000000546,260.56726433333324
F#3,0,0.23622047244094488,1.1900000000000546,260.56726433333324
C#2,0,0.2755905511811024,2.3899999999999864,261.7672643333333
C#3,0,0.1968503937007874,2.3899999999999864,261.7672643333333
F#2,0,0.2047244094488189,2.3899999999999864,264.16726433333326
F#1,0,0.2204724409448819,2.3899999999999864,264.16726433333326
D#2,0,0.2992125984251969,3.590000000000032,266.56726433333324
D#3,0,0.2283464566929134,3.590000000000032,266.56726433333324
E2,0,0.25196850393700787,1.1899999999999977,270.16726433333326
E3,0,0.1889763779527559,1.1899999999999977,270.16726433333326
C#2,0,0.29133858267716534,1.1899999999999977,271.36726433333325
C#3,0,0.30708661417322836,1.1899999999999977,271.36726433333325
D#3,0,0.2992125984251969,1.1900000000000546,272.56726433333324
D#2,0,0.30708661417322836,1.1900000000000546,272.56726433333324
C2,0,0.30708661417322836,1.1899999999999977,273.7672643333333
G#3,0,0.2992125984251969,0.39999999999997726,273.7672643333333
C3,0,0.2755905511811024,1.1899999999999977,273.7672643333333
G#3,0,0.2992125984251969,0.4000000000000341,274.9672643333333
C#3,0,0.25984251968503935,1.1899999999999977,274.9672643333333
C#2,0,0.28346456692913385,1.1899999999999977,274.9672643333333
F#3,0,0.3779527559055118,0.39999999999997726,276.16726433333326
A2,0,0.2677165354330709,2.3899999999999864,276.16726433333326
A1,0,0.2283464566929134,2.3899999999999864,276.16726433333326
F#3,0,0.36220472440944884,0.4000000000000341,277.36726433333325
G#1,0,0.3464566929133858,1.284870033333334,278.56726433333324
G#2,0,0.31496062992125984,1.284870033333334,278.56726433333324
G#3,0,0.4251968503937008,0.42553200000003244,278.56726433333324
F#1,0,0.3543307086614173,1.1899999999999977,279.8627726666666
F#2,0,0.3464566929133858,1.1899999999999977,279.8627726666666
G#1,0,0.33858267716535434,2.3899999999999864,281.0627726666666
G#3,0,0.3543307086614173,0.4000000000000341,281.0627726666666
G#2,0,0.2440944881889764,2.3899999999999864,281.0627726666666
G#3,0,0.25196850393700787,0.4000000000000341,282.2627726666666
F#3,0,0.10236220472440945,0.39999999999997726,283.46277266666664
G#1,0,0.2755905511811024,2.534261908333349,283.46277266666664
G#2,0,0.23622047244094488,2.534261908333349,283.46277266666664
F#3,0,0.33070866141732286,0.42553200000003244,284.6627726666666
G#2,0,0.2125984251968504,3.8191497000000254,286.00893933333333
E3,0,0.30708661417322836,0.4255319999999756,286.00893933333333
C#2,0,0.25984251968503935,5.095745700000009,286.00893933333333
G#3,0,0.2677165354330709,0.42553200000003244,286.4344713333333
G#3,0,0.3464566929133858,0.42553200000003244,287.2855353333333
G#3,0,0.28346456692913385,0.4255319999999756,288.56213133333335
G#3,0,0.33858267716535434,0.4255319999999756,289.83872733333334
G#2,0,0.48031496062992124,0.9574470000000019,289.83872733333334
G#2,0,0.48031496062992124,0.3191489999999817,290.79617433333334
C2,0,0.4094488188976378,5.095745700000009,291.1153233333333
G#2,0,0.36220472440944884,3.8191497000000254,291.1153233333333
G#3,0,0.4015748031496063,0.42553200000003244,291.1153233333333
G#3,0,0.36220472440944884,0.42553200000003244,292.3919193333333
G#3,0,0.3464566929133858,0.4255319999999756,293.66851533333335
G#3,0,0.4409448818897638,0.4255319999999756,294.94511133333333
G#2,0,0.5039370078740157,0.9574470000000019,294.94511133333333
G#2,0,0.3779527559055118,0.3191489999999817,295.90255833333333
G#3,0,0.3543307086614173,0.39999999999997726,296.2217073333333
G#2,0,0.4330708661417323,3.589999999999975,296.2217073333333
C#2,0,0.33858267716535434,4.7900000000000205,296.2217073333333
G#2,0,0.5433070866141733,0.8999999999999773,299.82170733333334
G#2,0,0.4881889763779528,0.30000000000001137,300.7217073333333
G#1,0,0.47244094488188976,3.589999999999975,301.0217073333333
G#2,0,0.47244094488188976,3.589999999999975,301.0217073333333
G#2,0,0.3858267716535433,1.0873015000000237,304.6217073333333
G#3,0,0.28346456692913385,0.5,305.06615166666666
F#3,0,0.4409448818897638,0.5714286666666908,305.56615166666666
G#2,0,0.4015748031496063,0.4285715000000323,305.7090088333333
E3,0,0.4015748031496063,0.39999999999997726,306.13758033333335
C#2,0,0.3464566929133858,3.589999999999975,306.13758033333335
G#2,0,0.4094488188976378,3.589999999999975,306.13758033333335
G#2,0,0.48031496062992124,0.8999999999999773,309.73758033333337
G#2,0,0.5039370078740157,0.30000000000001137,310.63758033333335
G#1,0,0.4251968503937008,3.589999999999975,310.93758033333336
G#2,0,0.48031496062992124,3.589999999999975,310.93758033333336
G#2,0,0.4409448818897638,1.0873015000000237,314.5375803333333
G#3,0,0.4094488188976378,0.5000000000000568,314.98202466666663
F#3,0,0.3700787401574803,0.5714286666666339,315.4820246666667
G#2,0,0.4015748031496063,0.42857149999997546,315.62488183333335
G#2,0,0.36220472440944884,2.655554891666668,316.0534533333333
E3,0,0.3858267716535433,0.44444433333330835,316.0534533333333
C#2,0,0.3700787401574803,11.870236666666699,316.0534533333333
G#3,0,0.3543307086614173,0.4444443333333652,316.49789766666663
G#3,0,0.23622047244094488,0.4444443333333652,318.275675
C#3,0,0.4251968503937008,2.8452372416666663,318.72011933333334
E3,0,0.2283464566929134,0.47619033333336347,319.19630966666665
G#3,0,0.25984251968503935,0.4761903333333066,319.6725
G#3,0,0.31496062992125984,0.4761903333333066,320.6248806666667
E3,0,0.2677165354330709,0.47619033333336347,321.101071
G#2,0,0.2992125984251969,1.4875000000000114,321.57726133333335
C#3,0,0.2992125984251969,0.5,322.07726133333335
E3,0,0.2755905511811024,0.5,322.57726133333335
G#3,0,0.4015748031496063,0.5,323.07726133333335
E3,0,0.29133858267716534,0.5,323.57726133333335
C#3,0,0.28346456692913385,0.5,324.07726133333335
G#2,0,0.25984251968503935,0.5,324.57726133333335
C#3,0,0.28346456692913385,0.5,325.07726133333335
G#2,0,0.31496062992125984,0.5,325.57726133333335
E2,0,0.3464566929133858,0.5714286666666339,326.07726133333335
G#2,0,0.30708661417322836,0.6250000000000568,326.64869
E2,0,0.3228346456692913,0.6666666666666288,327.27369000000004
C#2,0,0.33858267716535434,4.779999999999973,327.9403566666667
C#2,0,0.25984251968503935,4.779999999999973,332.7403566666667
G#2,0,0.25984251968503935,4.779999999999973,332.7403566666667
C#3,0,0.2125984251968504,4.779999999999973,332.7403566666667
E3,0,0.2677165354330709,4.779999999999973,332.7403566666667
G#3,0,0.4015748031496063,4.779999999999973,332.7403566666667
C#2,0,0.1732283464566929,9.579999999999984,337.5403566666667
C#3,0,0.18110236220472442,9.579999999999984,337.5403566666667
G#2,0,0.2283464566929134,9.579999999999984,337.5403566666667
E3,0,0.14173228346456693,9.579999999999984,337.5403566666667
G#3,0,0.2992125984251969,9.579999999999984,337.5403566666667
